<?xml version="1.0" encoding="UTF-8"?>
<project version="4">
  <component name="AutoImportSettings">
    <option name="autoReloadType" value="SELECTIVE" />
  </component>
  <component name="ChangeListManager">
    <list default="true" id="7e43ad30-cf69-4ad4-9041-5883a8aa5e2d" name="更改" comment="" />
    <option name="SHOW_DIALOG" value="false" />
    <option name="HIGHLIGHT_CONFLICTS" value="true" />
    <option name="HIGHLIGHT_NON_ACTIVE_CHANGELIST" value="false" />
    <option name="LAST_RESOLUTION" value="IGNORE" />
  </component>
  <component name="FileTemplateManagerImpl">
    <option name="RECENT_TEMPLATES">
      <list>
        <option value="Class" />
      </list>
    </option>
  </component>
  <component name="MarkdownSettingsMigration">
    <option name="stateVersion" value="1" />
  </component>
  <component name="ProjectId" id="2PufvndBFyWzqHBpUKfbT9mib2s" />
  <component name="ProjectViewState">
    <option name="hideEmptyMiddlePackages" value="true" />
    <option name="showLibraryContents" value="true" />
  </component>
  <component name="PropertiesComponent">{
  &quot;keyToString&quot;: {
    &quot;RunOnceActivity.OpenProjectViewOnStart&quot;: &quot;true&quot;,
    &quot;RunOnceActivity.ShowReadmeOnStart&quot;: &quot;true&quot;,
    &quot;WebServerToolWindowFactoryState&quot;: &quot;false&quot;,
    &quot;node.js.detected.package.eslint&quot;: &quot;true&quot;,
    &quot;node.js.detected.package.tslint&quot;: &quot;true&quot;,
    &quot;node.js.selected.package.eslint&quot;: &quot;(autodetect)&quot;,
    &quot;node.js.selected.package.tslint&quot;: &quot;(autodetect)&quot;,
    &quot;project.structure.last.edited&quot;: &quot;模块&quot;,
    &quot;project.structure.proportion&quot;: &quot;0.15&quot;,
    &quot;project.structure.side.proportion&quot;: &quot;0.2&quot;,
    &quot;settings.editor.selected.configurable&quot;: &quot;preferences.lookFeel&quot;,
    &quot;vue.rearranger.settings.migration&quot;: &quot;true&quot;
  }
}</component>
  <component name="RecentsManager">
    <key name="MoveFile.RECENT_KEYS">
      <recent name="$PROJECT_DIR$/src" />
      <recent name="$PROJECT_DIR$" />
    </key>
    <key name="MoveClassesOrPackagesDialog.RECENTS_KEY">
      <recent name="" />
    </key>
    <key name="CopyClassDialog.RECENTS_KEY">
      <recent name="" />
    </key>
  </component>
  <component name="RunManager">
    <configuration name="Main" type="Application" factoryName="Application" temporary="true" nameIsGenerated="true">
      <option name="MAIN_CLASS_NAME" value="Main" />
      <module name="Stock" />
      <method v="2">
        <option name="Make" enabled="true" />
      </method>
    </configuration>
    <recent_temporary>
      <list>
        <item itemvalue="应用程序.Main" />
      </list>
    </recent_temporary>
  </component>
  <component name="SpellCheckerSettings" RuntimeDictionaries="0" Folders="0" CustomDictionaries="0" DefaultDictionary="应用程序级" UseSingleDictionary="true" transferred="true" />
  <component name="TaskManager">
    <task active="true" id="Default" summary="默认任务">
      <changelist id="7e43ad30-cf69-4ad4-9041-5883a8aa5e2d" name="更改" comment="" />
      <created>1684312119123</created>
      <option name="number" value="Default" />
      <option name="presentableId" value="Default" />
      <updated>1684312119123</updated>
      <workItem from="1684312120120" duration="1750000" />
      <workItem from="1684913073482" duration="2653000" />
      <workItem from="1684916062262" duration="2743000" />
      <workItem from="1685095273408" duration="184000" />
      <workItem from="1685095459701" duration="6491000" />
      <workItem from="1686290402017" duration="8000" />
      <workItem from="1686744458882" duration="440000" />
    </task>
    <servers />
  </component>
  <component name="TypeScriptGeneratedFilesManager">
    <option name="version" value="3" />
  </component>
</project>